{
  "name": "angular-sanitize",
  "version": "1.4.5",
  "main": "./angular-sanitize.js",
  "ignore": [],
  "dependencies": {
    "angular": "1.4.5"
  },
  "homepage": "https://github.com/angular/bower-angular-sanitize",
  "_release": "1.4.5",
  "_resolution": {
    "type": "version",
    "tag": "v1.4.5",
    "commit": "0e2789bafea2c9294dcea209ca56a8ba308a90c0"
  },
  "_source": "git://github.com/angular/bower-angular-sanitize.git",
  "_target": "~1.4.5",
  "_originalSource": "angular-sanitize",
  "_direct": true
}