{
  "name": "angular-messages",
  "version": "1.4.5",
  "main": "./angular-messages.js",
  "ignore": [],
  "dependencies": {
    "angular": "1.4.5"
  },
  "homepage": "https://github.com/angular/bower-angular-messages",
  "_release": "1.4.5",
  "_resolution": {
    "type": "version",
    "tag": "v1.4.5",
    "commit": "fd6217aecc9f71a8d67b9623f9343146b73d2320"
  },
  "_source": "git://github.com/angular/bower-angular-messages.git",
  "_target": "~1.4.5",
  "_originalSource": "angular-messages",
  "_direct": true
}