{
  "name": "angular-scroll",
  "version": "1.0.0",
  "main": "angular-scroll.js",
  "ignore": [
    "**/.*",
    "node_modules",
    "bower_components",
    "test",
    "tests",
    "package.json",
    "src",
    "Gruntfile.js"
  ],
  "dependencies": {
    "angular": "^1.2.16"
  },
  "devDependencies": {
    "angular-mocks": "^1.2.16"
  },
  "resolutions": {
    "angular": "^1.2.16"
  },
  "homepage": "https://github.com/oblador/angular-scroll",
  "_release": "1.0.0",
  "_resolution": {
    "type": "version",
    "tag": "v1.0.0",
    "commit": "b6d2d9a0fa04dd9a50d0f986ca2d73d301994ead"
  },
  "_source": "git://github.com/oblador/angular-scroll.git",
  "_target": "~1.0.0",
  "_originalSource": "angular-scroll",
  "_direct": true
}