{
  "name": "angular-mocks",
  "version": "1.4.5",
  "main": "./angular-mocks.js",
  "ignore": [],
  "dependencies": {
    "angular": "1.4.5"
  },
  "homepage": "https://github.com/angular/bower-angular-mocks",
  "_release": "1.4.5",
  "_resolution": {
    "type": "version",
    "tag": "v1.4.5",
    "commit": "c0946298e513a645776c7c334ba077524db7ad9e"
  },
  "_source": "git://github.com/angular/bower-angular-mocks.git",
  "_target": "~1.4.5",
  "_originalSource": "angular-mocks",
  "_direct": true
}